settlement_id,transaction_id,utr,settlement_date,settlement_amount,bank_reference,status
STL_20250303_002,TXN_20250301_0002,UTRN20250303MMJBQE7C,2025-03-03,5253.93,SBI/2025/0303/6925,SETTLED
STL_20250303_028,TXN_20250302_0028,UTRN20250303JLQM5K8P,2025-03-03,7131.63,HDFC/2025/0303/8705,SETTLED
STL_20250303_029,TXN_20250302_0029,UTRN202503034WIRE8QJ,2025-03-03,9388.43,SBI/2025/0303/3749,SETTLED
STL_20250303_036,TXN_20250301_0036,UTRN20250303OCWBFUK9,2025-03-03,942.53,HDFC/2025/0303/7818,SETTLED
STL_20250303_038,TXN_20250301_0038,UTRN20250303Y72WX7PT,2025-03-03,1361.36,ICICI/2025/0303/5352,SETTLED
STL_20250303_040,TXN_20250302_0040,UTRN202503031GSPK9P3,2025-03-03,1880.29,HDFC/2025/0303/8700,SETTLED
STL_20250303_094,TXN_20250302_0094,UTRN20250303SU9RN8QT,2025-03-03,846.17,KOTAK/2025/0303/6804,SETTLED
STL_20250303_113,TXN_20250301_0113,UTRN20250303ATATJ9A3,2025-03-03,917.06,AXIS/2025/0303/3937,SETTLED
STL_20250303_119,TXN_20250301_0119,UTRN20250303DDTV25AO,2025-03-03,7899.82,HDFC/2025/0303/4977,SETTLED
STL_20250303_140,TXN_20250302_0140,UTRN2025030322INIWC5,2025-03-03,4309.04,HDFC/2025/0303/6916,SETTLED
STL_20250303_157,TXN_20250302_0157,UTRN20250303AV71448N,2025-03-03,50.11,AXIS/2025/0303/2655,SETTLED
STL_20250303_169,TXN_20250302_0169,UTRN20250303K01L0VDP,2025-03-03,1559.92,AXIS/2025/0303/8937,SETTLED
STL_20250303_179,TXN_20250302_0179,UTRN202503033KK0VM59,2025-03-03,3896.40,SBI/2025/0303/9031,SETTLED
STL_20250303_187,TXN_20250301_0187,UTRN20250303LKSTN3CP,2025-03-03,8583.29,KOTAK/2025/0303/8341,SETTLED
STL_20250303_214,TXN_20250301_0214,UTRN202503032NV01ZDE,2025-03-03,7024.07,AXIS/2025/0303/4809,SETTLED
STL_20250303_225,TXN_20250301_0225,UTRN20250303IQWNRHZN,2025-03-03,450.09,AXIS/2025/0303/5581,SETTLED
STL_20250303_247,TXN_20250302_0247,UTRN20250303QFJ6IJKU,2025-03-03,21807.95,KOTAK/2025/0303/4562,SETTLED
STL_20250304_104,TXN_20250302_0104,UTRN20250304NYXTXMGT,2025-03-04,391.50,KOTAK/2025/0304/3086,SETTLED
STL_20250304_111,TXN_20250303_0111,UTRN20250304HIUIT7M1,2025-03-04,470.12,AXIS/2025/0304/9037,SETTLED
STL_20250304_116,TXN_20250303_0116,UTRN20250304V1ZOCFI4,2025-03-04,4142.85,AXIS/2025/0304/9856,SETTLED
STL_20250304_124,TXN_20250303_0124,UTRN20250304XB9YO18P,2025-03-04,8947.74,HDFC/2025/0304/2615,SETTLED
STL_20250304_209,TXN_20250303_0209,UTRN20250304NNV6CJ9I,2025-03-04,1283.60,AXIS/2025/0304/6781,SETTLED
STL_20250304_228,TXN_20250302_0228,UTRN20250304LS1QCWQ8,2025-03-04,717.30,ICICI/2025/0304/6527,SETTLED
STL_20250304_235,TXN_20250302_0235,UTRN202503040IFRML29,2025-03-04,1895.14,AXIS/2025/0304/1519,SETTLED
STL_20250304_254,TXN_20250303_0254,UTRN20250304K5N9SZ6R,2025-03-04,1848.42,KOTAK/2025/0304/9709,SETTLED
STL_20250304_259,TXN_20250302_0259,UTRN20250304C2E4QXGN,2025-03-04,4037.31,AXIS/2025/0304/3253,SETTLED
STL_20250304_305,TXN_20250302_0305,UTRN20250304GM5V2WWG,2025-03-04,759.40,KOTAK/2025/0304/4763,SETTLED
STL_20250305_021,TXN_20250303_0021,UTRN20250305WXE6SYLZ,2025-03-05,9182.65,KOTAK/2025/0305/3085,SETTLED
STL_20250305_047,TXN_20250303_0047,UTRN20250305FKBLCMPI,2025-03-05,7298.79,AXIS/2025/0305/3950,SETTLED
STL_20250305_087,TXN_20250303_0087,UTRN20250305XKI3OQYF,2025-03-05,4020.09,AXIS/2025/0305/8933,SETTLED
STL_20250305_136,TXN_20250303_0136,UTRN20250305HYEXF7JX,2025-03-05,1241.05,SBI/2025/0305/2350,SETTLED
STL_20250305_143,TXN_20250304_0143,UTRN20250305AEARMS3J,2025-03-05,1809.29,SBI/2025/0305/3079,SETTLED
STL_20250305_163,TXN_20250303_0163,UTRN202503053WRDHW9R,2025-03-05,1095.36,HDFC/2025/0305/6052,SETTLED
STL_20250305_197,TXN_20250303_0197,UTRN20250305CZS8S2FT,2025-03-05,663.11,AXIS/2025/0305/2506,SETTLED
STL_20250305_219,TXN_20250303_0219,UTRN20250305OHAZ7T0U,2025-03-05,1295.96,KOTAK/2025/0305/6703,SETTLED
STL_20250305_240,TXN_20250303_0240,UTRN20250305LQ5V4FTQ,2025-03-05,881.82,SBI/2025/0305/9873,SETTLED
STL_20250305_243,TXN_20250303_0243,UTRN202503052CU7ONZ3,2025-03-05,1202.55,SBI/2025/0305/9667,SETTLED
STL_20250305_244,TXN_20250303_0244,UTRN20250305GSIWG0OD,2025-03-05,2561.57,KOTAK/2025/0305/6864,SETTLED
STL_20250305_280,TXN_20250304_0280,UTRN20250305HFU131XQ,2025-03-05,1354.02,SBI/2025/0305/7389,SETTLED
STL_20250305_298,TXN_20250304_0298,UTRN20250305GBL2QGV3,2025-03-05,318.41,HDFC/2025/0305/2870,SETTLED
STL_20250306_008,TXN_20250305_0008,UTRN20250306J5PHT0HL,2025-03-06,9592.03,SBI/2025/0306/8177,SETTLED
STL_20250306_052,TXN_20250305_0052,UTRN20250306YQW7LVXW,2025-03-06,6144.08,AXIS/2025/0306/5951,SETTLED
STL_20250306_086,TXN_20250305_0086,UTRN20250306VUGW6M7B,2025-03-06,1257.95,HDFC/2025/0306/2330,SETTLED
STL_20250306_100,TXN_20250305_0100,UTRN20250306QJLUUJMI,2025-03-06,230.43,HDFC/2025/0306/8625,SETTLED
STL_20250306_103,TXN_20250304_0103,UTRN20250306JAHCPZTC,2025-03-06,1026.03,HDFC/2025/0306/8734,SETTLED
STL_20250306_128,TXN_20250304_0128,UTRN20250306YR8LNOEM,2025-03-06,1571.06,AXIS/2025/0306/3826,SETTLED
STL_20250306_146,TXN_20250305_0146,UTRN20250306551LDQNK,2025-03-06,276.15,SBI/2025/0306/4974,SETTLED
STL_20250306_155,TXN_20250304_0155,UTRN20250306T2018U9N,2025-03-06,4744.78,ICICI/2025/0306/3885,SETTLED
STL_20250306_188,TXN_20250305_0188,UTRN20250306UADVWKSH,2025-03-06,2880.04,AXIS/2025/0306/6584,SETTLED
STL_20250306_215,TXN_20250305_0215,UTRN20250306SNH2ODPV,2025-03-06,1718.17,SBI/2025/0306/9783,SETTLED
STL_20250306_231,TXN_20250305_0231,UTRN20250306BX4LR9TJ,2025-03-06,14295.04,AXIS/2025/0306/3213,SETTLED
STL_20250306_256,TXN_20250304_0256,UTRN20250306XDN8WWII,2025-03-06,22804.83,ICICI/2025/0306/7987,SETTLED
STL_20250306_258,TXN_20250304_0258,UTRN202503068K03W0FG,2025-03-06,1854.93,ICICI/2025/0306/4026,SETTLED
STL_20250307_007,TXN_20250306_0007,UTRN20250307VREN93II,2025-03-07,6943.77,KOTAK/2025/0307/2290,SETTLED
STL_20250307_074,TXN_20250305_0074,UTRN202503077OONNCIL,2025-03-07,9024.33,HDFC/2025/0307/6493,SETTLED
STL_20250307_148,TXN_20250306_0148,UTRN20250307BI4O6Q0U,2025-03-07,1920.66,KOTAK/2025/0307/3187,SETTLED
STL_20250307_151,TXN_20250305_0151,UTRN202503074UTDD2EC,2025-03-07,15567.40,ICICI/2025/0307/3141,SETTLED
STL_20250307_154,TXN_20250305_0154,UTRN20250307R2MULJAV,2025-03-07,310.12,HDFC/2025/0307/5602,SETTLED
STL_20250307_160,TXN_20250305_0160,UTRN20250307JDAN085R,2025-03-07,7649.40,AXIS/2025/0307/6754,SETTLED
STL_20250307_181,TXN_20250306_0181,UTRN20250307HYAPDSWZ,2025-03-07,7340.58,AXIS/2025/0307/2718,SETTLED
STL_20250307_183,TXN_20250306_0183,UTRN20250307Q9JB354M,2025-03-07,3117.81,SBI/2025/0307/7979,SETTLED
STL_20250307_238,TXN_20250306_0238,UTRN20250307AB2RVNDF,2025-03-07,875.46,HDFC/2025/0307/6544,SETTLED
STL_20250307_248,TXN_20250305_0248,UTRN20250307CC1M3O55,2025-03-07,3303.38,ICICI/2025/0307/1187,SETTLED
STL_20250307_255,TXN_20250305_0255,UTRN20250307MOFMMWI9,2025-03-07,1002.04,KOTAK/2025/0307/5519,SETTLED
STL_20250307_268,TXN_20250305_0268,UTRN20250307SWRGVZ9A,2025-03-07,1360.01,HDFC/2025/0307/8616,SETTLED
STL_20250307_275,TXN_20250306_0275,UTRN20250307L6TBB6BN,2025-03-07,715.82,HDFC/2025/0307/7987,SETTLED
STL_20250307_306,TXN_20250305_0306,UTRN202503074K00ILU6,2025-03-07,1084.88,KOTAK/2025/0307/3440,SETTLED
STL_20250310_001,TXN_20250306_0001,UTRN20250310BDIVUZZP,2025-03-10,572.47,AXIS/2025/0310/5557,SETTLED
STL_20250310_039,TXN_20250308_0039,UTRN20250310QKOJTPV6,2025-03-10,364.74,SBI/2025/0310/5102,SETTLED
STL_20250310_044,TXN_20250307_0044,UTRN202503104UX5QRL1,2025-03-10,8123.70,AXIS/2025/0310/8460,SETTLED
STL_20250310_046,TXN_20250306_0046,UTRN20250310WOCLYT8W,2025-03-10,918.80,AXIS/2025/0310/9864,SETTLED
STL_20250310_075,TXN_20250308_0075,UTRN202503106AHF7VP1,2025-03-10,595.03,ICICI/2025/0310/5934,SETTLED
STL_20250310_076,TXN_20250307_0076,UTRN20250310WUZKAMUG,2025-03-10,848.16,HDFC/2025/0310/9576,SETTLED
STL_20250310_078,TXN_20250307_0078,UTRN20250310C1QKBHB7,2025-03-10,1088.43,KOTAK/2025/0310/7524,SETTLED
STL_20250310_096,TXN_20250308_0096,UTRN20250310HT7ZEWVI,2025-03-10,596.46,KOTAK/2025/0310/4697,SETTLED
STL_20250310_108,TXN_20250308_0108,UTRN20250310U8UEIHX7,2025-03-10,398.92,SBI/2025/0310/2514,SETTLED
STL_20250310_114,TXN_20250306_0114,UTRN202503108QIZK3C9,2025-03-10,3835.05,HDFC/2025/0310/2531,SETTLED
STL_20250310_126,TXN_20250308_0126,UTRN20250310LK3E4XYF,2025-03-10,702.01,ICICI/2025/0310/9454,SETTLED
STL_20250310_127,TXN_20250309_0127,UTRN20250310XPBWHVNZ,2025-03-10,679.02,ICICI/2025/0310/5560,SETTLED
STL_20250310_134,TXN_20250307_0134,UTRN20250310WNC21O0Z,2025-03-10,3095.14,SBI/2025/0310/8449,SETTLED
STL_20250310_150,TXN_20250308_0150,UTRN20250310Q4D3KZVH,2025-03-10,904.79,SBI/2025/0310/3430,SETTLED
STL_20250310_166,TXN_20250307_0166,UTRN202503109P9W4J66,2025-03-10,9366.11,HDFC/2025/0310/2425,SETTLED
STL_20250310_174,TXN_20250308_0174,UTRN20250310X9JPNBZU,2025-03-10,506.35,ICICI/2025/0310/6622,SETTLED
STL_20250310_184,TXN_20250306_0184,UTRN2025031068J0NMEO,2025-03-10,1492.43,AXIS/2025/0310/5453,SETTLED
STL_20250310_203,TXN_20250307_0203,UTRN20250310OXSFH4GG,2025-03-10,1139.26,KOTAK/2025/0310/1891,SETTLED
STL_20250310_230,TXN_20250309_0230,UTRN20250310D7RB1S9D,2025-03-10,92.81,KOTAK/2025/0310/3544,SETTLED
STL_20250310_260,TXN_20250309_0260,UTRN20250310G8PWY55P,2025-03-10,110.18,HDFC/2025/0310/7232,SETTLED
STL_20250310_263,TXN_20250307_0263,UTRN20250310JY62ZEEQ,2025-03-10,664.68,SBI/2025/0310/2397,SETTLED
STL_20250310_278,TXN_20250309_0278,UTRN202503102TOOWT9N,2025-03-10,712.57,SBI/2025/0310/4411,SETTLED
STL_20250310_283,TXN_20250307_0283,UTRN20250310E346Z7WQ,2025-03-10,185.42,AXIS/2025/0310/8373,SETTLED
STL_20250310_292,TXN_20250307_0292,UTRN20250310JQ7W7JP6,2025-03-10,1200.14,SBI/2025/0310/5216,SETTLED
STL_20250310_300,TXN_20250308_0300,UTRN202503101ARAGDX5,2025-03-10,4842.38,AXIS/2025/0310/8798,SETTLED
STL_20250310_308,TXN_20250307_0308,UTRN20250310Z40AQ15O,2025-03-10,4460.08,SBI/2025/0310/8607,SETTLED
STL_20250311_012,TXN_20250309_0012,UTRN2025031172KZ02XR,2025-03-11,965.32,ICICI/2025/0311/5861,SETTLED
STL_20250311_022,TXN_20250310_0022,UTRN20250311KH2VLPYS,2025-03-11,1839.26,ICICI/2025/0311/2389,SETTLED
STL_20250311_048,TXN_20250309_0048,UTRN20250311WQY6QKTC,2025-03-11,1209.28,SBI/2025/0311/5901,SETTLED
STL_20250311_065,TXN_20250309_0065,UTRN20250311SOLMLGSE,2025-03-11,8451.93,KOTAK/2025/0311/4176,SETTLED
STL_20250311_098,TXN_20250309_0098,UTRN202503115AUD9K9T,2025-03-11,1643.60,AXIS/2025/0311/3198,SETTLED
STL_20250311_133,TXN_20250309_0133,UTRN20250311KJ49YD82,2025-03-11,8307.45,HDFC/2025/0311/5543,SETTLED
STL_20250311_152,TXN_20250310_0152,UTRN20250311HX3D43E7,2025-03-11,6876.18,HDFC/2025/0311/3752,SETTLED
STL_20250311_159,TXN_20250309_0159,UTRN2025031178HU7F0I,2025-03-11,23658.63,SBI/2025/0311/3750,SETTLED
STL_20250311_190,TXN_20250309_0190,UTRN20250311H3GM1BWY,2025-03-11,1613.59,HDFC/2025/0311/8381,SETTLED
STL_20250311_273,TXN_20250310_0273,UTRN20250311HBN5ELB4,2025-03-11,969.34,HDFC/2025/0311/6460,SETTLED
STL_20250311_293,TXN_20250309_0293,UTRN20250311C9HOXDTP,2025-03-11,2440.12,KOTAK/2025/0311/2740,SETTLED
STL_20250312_013,TXN_20250311_0013,UTRN202503124CC5O7UU,2025-03-12,6188.00,HDFC/2025/0312/2343,SETTLED
STL_20250312_055,TXN_20250311_0055,UTRN20250312V3I12VJ9,2025-03-12,2119.62,ICICI/2025/0312/9850,SETTLED
STL_20250312_063,TXN_20250311_0063,UTRN20250312OVAKHEJL,2025-03-12,5310.94,HDFC/2025/0312/9149,SETTLED
STL_20250312_084,TXN_20250311_0084,UTRN20250312COZROOUE,2025-03-12,5811.71,SBI/2025/0312/2215,SETTLED
STL_20250312_139,TXN_20250311_0139,UTRN20250312VN8LFJDT,2025-03-12,5168.75,KOTAK/2025/0312/5668,SETTLED
STL_20250312_262,TXN_20250310_0262,UTRN20250312WBSF3Q0E,2025-03-12,806.69,KOTAK/2025/0312/9952,SETTLED
STL_20250313_015,TXN_20250311_0015,UTRN202503134ZW9XA3K,2025-03-13,301.01,HDFC/2025/0313/3200,SETTLED
STL_20250313_105,TXN_20250312_0105,UTRN20250313QFG51BXW,2025-03-13,9595.99,HDFC/2025/0313/4943,SETTLED
STL_20250313_106,TXN_20250311_0106,UTRN20250313IH5CSK30,2025-03-13,1179.68,SBI/2025/0313/6253,SETTLED
STL_20250313_107,TXN_20250312_0107,UTRN20250313WPR97Y2L,2025-03-13,321.58,AXIS/2025/0313/7688,SETTLED
STL_20250313_156,TXN_20250312_0156,UTRN20250313UG95RLRD,2025-03-13,1583.83,ICICI/2025/0313/4584,SETTLED
STL_20250313_172,TXN_20250312_0172,UTRN20250313IV7ZZJ64,2025-03-13,4054.67,AXIS/2025/0313/5128,SETTLED
STL_20250313_173,TXN_20250311_0173,UTRN20250313KDC9X5JZ,2025-03-13,1338.19,SBI/2025/0313/4086,SETTLED
STL_20250313_175,TXN_20250312_0175,UTRN20250313KQ00U686,2025-03-13,5668.86,HDFC/2025/0313/4641,SETTLED
STL_20250313_178,TXN_20250311_0178,UTRN20250313PRAT0861,2025-03-13,7924.33,KOTAK/2025/0313/4122,SETTLED
STL_20250313_193,TXN_20250311_0193,UTRN20250313Z1UU7ZY6,2025-03-13,1409.00,KOTAK/2025/0313/5684,SETTLED
STL_20250313_213,TXN_20250312_0213,UTRN20250313G6V5T1DX,2025-03-13,300.55,KOTAK/2025/0313/9835,SETTLED
STL_20250313_237,TXN_20250311_0237,UTRN20250313F00TERKM,2025-03-13,1516.78,HDFC/2025/0313/4568,SETTLED
STL_20250313_288,TXN_20250312_0288,UTRN2025031341ONX0GU,2025-03-13,1570.81,SBI/2025/0313/1890,SETTLED
STL_20250313_296,TXN_20250311_0296,UTRN20250313R5PGBA9I,2025-03-13,123.71,AXIS/2025/0313/2032,SETTLED
STL_20250314_056,TXN_20250313_0056,UTRN20250314JEPECQNV,2025-03-14,8720.80,AXIS/2025/0314/9254,SETTLED
STL_20250314_057,TXN_20250312_0057,UTRN202503144PDZP6LF,2025-03-14,8070.74,ICICI/2025/0314/5505,SETTLED
STL_20250314_097,TXN_20250312_0097,UTRN20250314RH8LX6DU,2025-03-14,835.74,KOTAK/2025/0314/1611,SETTLED
STL_20250314_118,TXN_20250312_0118,UTRN202503142ZCFZW0L,2025-03-14,1840.74,HDFC/2025/0314/2499,SETTLED
STL_20250314_223,TXN_20250313_0223,UTRN20250314YXW1TBRW,2025-03-14,3536.65,AXIS/2025/0314/5501,SETTLED
STL_20250314_234,TXN_20250312_0234,UTRN20250314O4GKWWJW,2025-03-14,852.76,ICICI/2025/0314/6253,SETTLED
STL_20250314_266,TXN_20250313_0266,UTRN202503144Y4K7BPG,2025-03-14,6863.20,SBI/2025/0314/3906,SETTLED
STL_20250317_016,TXN_20250314_0016,UTRN20250317Y4SJ6BW3,2025-03-17,252.62,HDFC/2025/0317/1058,SETTLED
STL_20250317_019,TXN_20250314_0019,UTRN20250317K2IAGL58,2025-03-17,1384.04,SBI/2025/0317/6753,SETTLED
STL_20250317_023,TXN_20250315_0023,UTRN20250317FB9W1Q5U,2025-03-17,1253.93,AXIS/2025/0317/9099,SETTLED
STL_20250317_033,TXN_20250314_0033,UTRN20250317TIRZQAKO,2025-03-17,4110.79,ICICI/2025/0317/6016,SETTLED
STL_20250317_050,TXN_20250315_0050,UTRN20250317LPU0DK0G,2025-03-17,8216.85,ICICI/2025/0317/9837,SETTLED
STL_20250317_089,TXN_20250313_0089,UTRN20250317RLA8S8HM,2025-03-17,21678.20,HDFC/2025/0317/5609,SETTLED
STL_20250317_095,TXN_20250314_0095,UTRN20250317LM72JEYN,2025-03-17,3878.41,AXIS/2025/0317/6654,SETTLED
STL_20250317_101,TXN_20250316_0101,UTRN20250317RQ9NZ612,2025-03-17,1355.08,ICICI/2025/0317/5054,SETTLED
STL_20250317_123,TXN_20250315_0123,UTRN20250317XZ2C9ROS,2025-03-17,8575.03,AXIS/2025/0317/9907,SETTLED
STL_20250317_125,TXN_20250313_0125,UTRN20250317QYYF9RK7,2025-03-17,1470.81,HDFC/2025/0317/2901,SETTLED
STL_20250317_129,TXN_20250315_0129,UTRN20250317SPENGWYX,2025-03-17,7202.78,ICICI/2025/0317/3733,SETTLED
STL_20250317_141,TXN_20250316_0141,UTRN20250317ACJBC2SW,2025-03-17,1687.80,KOTAK/2025/0317/7806,SETTLED
STL_20250317_144,TXN_20250314_0144,UTRN20250317RSB4GF16,2025-03-17,8982.08,HDFC/2025/0317/4742,SETTLED
STL_20250317_212,TXN_20250315_0212,UTRN2025031723GXJ0MQ,2025-03-17,6690.50,KOTAK/2025/0317/2127,SETTLED
STL_20250317_227,TXN_20250316_0227,UTRN202503173RWQMMU7,2025-03-17,6343.78,SBI/2025/0317/6638,SETTLED
STL_20250317_233,TXN_20250315_0233,UTRN20250317V2TG5PIZ,2025-03-17,64.66,AXIS/2025/0317/7199,SETTLED
STL_20250317_251,TXN_20250313_0251,UTRN20250317NGMX1GM3,2025-03-17,1527.79,AXIS/2025/0317/3389,SETTLED
STL_20250317_261,TXN_20250316_0261,UTRN20250317Q3B9SO0U,2025-03-17,1836.92,KOTAK/2025/0317/1807,SETTLED
STL_20250317_265,TXN_20250315_0265,UTRN20250317TA5IVROC,2025-03-17,2980.53,KOTAK/2025/0317/1107,SETTLED
STL_20250317_271,TXN_20250315_0271,UTRN202503178KB9W4UO,2025-03-17,1340.10,KOTAK/2025/0317/2914,SETTLED
STL_20250317_272,TXN_20250316_0272,UTRN20250317SGNBHDS2,2025-03-17,2199.86,KOTAK/2025/0317/3524,SETTLED
STL_20250317_289,TXN_20250314_0289,UTRN20250317RF5A7QY8,2025-03-17,3261.95,HDFC/2025/0317/2595,SETTLED
STL_20250318_011,TXN_20250317_0011,UTRN202503185C34DXTA,2025-03-18,3449.35,HDFC/2025/0318/4872,SETTLED
STL_20250318_017,TXN_20250317_0017,UTRN202503188YFBNTPB,2025-03-18,3998.99,SBI/2025/0318/1653,SETTLED
STL_20250318_026,TXN_20250317_0026,UTRN20250318OLQC3O18,2025-03-18,1077.26,HDFC/2025/0318/7232,SETTLED
STL_20250318_045,TXN_20250316_0045,UTRN20250318NX39RBSV,2025-03-18,13261.54,HDFC/2025/0318/8213,SETTLED
STL_20250318_117,TXN_20250317_0117,UTRN202503184M18O1BJ,2025-03-18,1457.28,AXIS/2025/0318/9038,SETTLED
STL_20250318_122,TXN_20250316_0122,UTRN20250318N7H9G1A0,2025-03-18,1372.01,ICICI/2025/0318/8183,SETTLED
STL_20250318_158,TXN_20250317_0158,UTRN20250318ZU6WMX3N,2025-03-18,308.62,SBI/2025/0318/3086,SETTLED
STL_20250318_236,TXN_20250317_0236,UTRN202503186JNA9ZN9,2025-03-18,1477.89,ICICI/2025/0318/1549,SETTLED
STL_20250318_253,TXN_20250317_0253,UTRN20250318ZYN6SJCH,2025-03-18,1073.17,KOTAK/2025/0318/5444,SETTLED
STL_20250318_257,TXN_20250316_0257,UTRN20250318Y66P61XU,2025-03-18,6188.29,ICICI/2025/0318/6201,SETTLED
STL_20250318_309,TXN_20250315_9001,UTRN20250318AWNYTK1Z,2025-03-18,-2170.93,KOTAK/2025/0318/9887,SETTLED
STL_20250319_018,TXN_20250318_0018,UTRN202503197IF2GOG7,2025-03-19,523.92,AXIS/2025/0319/5065,SETTLED
STL_20250319_066,TXN_20250318_0066,UTRN20250319GF1C8WQU,2025-03-19,1873.26,KOTAK/2025/0319/8354,SETTLED
STL_20250319_070,TXN_20250317_0070,UTRN20250319XLEZ896D,2025-03-19,1312.32,AXIS/2025/0319/9331,SETTLED
STL_20250319_071,TXN_20250318_0071,UTRN20250319C4D145BM,2025-03-19,636.89,KOTAK/2025/0319/3147,SETTLED
STL_20250319_180,TXN_20250318_0180,UTRN20250319VGNXB5JT,2025-03-19,9036.73,HDFC/2025/0319/1785,SETTLED
STL_20250319_198,TXN_20250318_0198,UTRN20250319EMIX7IB5,2025-03-19,455.04,AXIS/2025/0319/2857,SETTLED
STL_20250319_210,TXN_20250318_0210,UTRN20250319SKFFV3XO,2025-03-19,966.75,SBI/2025/0319/2856,SETTLED
STL_20250319_220,TXN_20250318_0220,UTRN20250319ODCK8285,2025-03-19,6689.23,KOTAK/2025/0319/5098,SETTLED
STL_20250319_250,TXN_20250317_0250,UTRN202503191EEURXHW,2025-03-19,1136.83,KOTAK/2025/0319/5034,SETTLED
STL_20250319_310,TXN_20250315_9002,UTRN20250319HYWM7S6N,2025-03-19,-1810.64,HDFC/2025/0319/2818,SETTLED
STL_20250320_041,TXN_20250318_0041,UTRN202503203TQLL8OS,2025-03-20,660.11,HDFC/2025/0320/9889,SETTLED
STL_20250320_051,TXN_20250319_0051,UTRN20250320QC1IYYO4,2025-03-20,1788.08,KOTAK/2025/0320/6992,SETTLED
STL_20250320_073,TXN_20250319_0073,UTRN202503202EJX5TD4,2025-03-20,5394.39,HDFC/2025/0320/5670,SETTLED
STL_20250320_077,TXN_20250318_0077,UTRN20250320BNN0MCIX,2025-03-20,1050.43,HDFC/2025/0320/6447,SETTLED
STL_20250320_137,TXN_20250319_0137,UTRN20250320HCVSQAME,2025-03-20,2357.32,AXIS/2025/0320/3165,SETTLED
STL_20250320_165,TXN_20250318_0165,UTRN20250320UIKO4BUS,2025-03-20,7861.64,KOTAK/2025/0320/3415,SETTLED
STL_20250320_176,TXN_20250318_0176,UTRN20250320QEBWUWQH,2025-03-20,1708.00,HDFC/2025/0320/7253,SETTLED
STL_20250320_189,TXN_20250318_0189,UTRN20250320E1HM38KS,2025-03-20,8547.93,HDFC/2025/0320/1750,SETTLED
STL_20250320_196,TXN_20250319_0196,UTRN202503200EBKJF4A,2025-03-20,6665.98,AXIS/2025/0320/3536,SETTLED
STL_20250320_249,TXN_20250319_0249,UTRN20250320Y981UDP2,2025-03-20,1047.24,ICICI/2025/0320/3165,SETTLED
STL_20250320_304,TXN_20250319_0304,UTRN20250320HVGNQGMJ,2025-03-20,325.45,SBI/2025/0320/3084,SETTLED
STL_20250321_024,TXN_20250320_0024,UTRN202503212ZQU7EEQ,2025-03-21,1297.93,KOTAK/2025/0321/6198,SETTLED
STL_20250321_068,TXN_20250319_0068,UTRN20250321S8Q349DX,2025-03-21,1104.23,HDFC/2025/0321/5059,SETTLED
STL_20250321_199,TXN_20250320_0199,UTRN20250321KXLCD81T,2025-03-21,1427.26,HDFC/2025/0321/4453,SETTLED
STL_20250321_201,TXN_20250320_0201,UTRN202503211VZC7D2K,2025-03-21,818.88,HDFC/2025/0321/5612,SETTLED
STL_20250321_218,TXN_20250319_0218,UTRN20250321A47SH2SZ,2025-03-21,7078.31,KOTAK/2025/0321/3776,SETTLED
STL_20250321_241,TXN_20250319_0241,UTRN202503211IZXTNSR,2025-03-21,1526.15,KOTAK/2025/0321/3525,SETTLED
STL_20250321_270,TXN_20250320_0270,UTRN20250321XRW6TM2O,2025-03-21,2180.24,HDFC/2025/0321/9537,SETTLED
STL_20250324_005,TXN_20250323_0005,UTRN202503249ER14FFY,2025-03-24,314.67,KOTAK/2025/0324/2040,SETTLED
STL_20250324_006,TXN_20250320_0006,UTRN202503241MKFAZZ8,2025-03-24,1945.42,ICICI/2025/0324/9317,SETTLED
STL_20250324_014,TXN_20250321_0014,UTRN20250324YKL1CQ99,2025-03-24,4424.03,HDFC/2025/0324/9808,SETTLED
STL_20250324_025,TXN_20250322_0025,UTRN2025032414J1RIPZ,2025-03-24,5895.73,ICICI/2025/0324/5451,SETTLED
STL_20250324_042,TXN_20250323_0042,UTRN20250324JEK5RBW2,2025-03-24,405.97,ICICI/2025/0324/6091,SETTLED
STL_20250324_049,TXN_20250321_0049,UTRN20250324U9K9XJUY,2025-03-24,4312.73,HDFC/2025/0324/9138,SETTLED
STL_20250324_053,TXN_20250321_0053,UTRN20250324NN8ZTV05,2025-03-24,135.16,HDFC/2025/0324/9017,SETTLED
STL_20250324_059,TXN_20250321_0059,UTRN202503243DD03UVU,2025-03-24,4393.99,SBI/2025/0324/3002,SETTLED
STL_20250324_060,TXN_20250321_0060,UTRN20250324MUHXID4N,2025-03-24,1315.61,SBI/2025/0324/4705,SETTLED
STL_20250324_061,TXN_20250322_0061,UTRN20250324J17MGFXC,2025-03-24,21750.67,HDFC/2025/0324/2503,SETTLED
STL_20250324_064,TXN_20250322_0064,UTRN20250324A75UUZPE,2025-03-24,772.72,HDFC/2025/0324/6321,SETTLED
STL_20250324_069,TXN_20250322_0069,UTRN202503242XCDYK0X,2025-03-24,6716.11,KOTAK/2025/0324/3463,SETTLED
STL_20250324_082,TXN_20250323_0082,UTRN202503248AGS6E1Z,2025-03-24,7913.41,ICICI/2025/0324/5678,SETTLED
STL_20250324_088,TXN_20250323_0088,UTRN202503241SDIEQFB,2025-03-24,1203.89,AXIS/2025/0324/7850,SETTLED
STL_20250324_112,TXN_20250323_0112,UTRN20250324S4C3BAEW,2025-03-24,1562.44,HDFC/2025/0324/3474,SETTLED
STL_20250324_115,TXN_20250321_0115,UTRN20250324U4DTBH55,2025-03-24,1101.15,AXIS/2025/0324/5441,SETTLED
STL_20250324_132,TXN_20250322_0132,UTRN20250324M3P91I3V,2025-03-24,1933.33,SBI/2025/0324/8015,SETTLED
STL_20250324_142,TXN_20250321_0142,UTRN202503249FLV1XXL,2025-03-24,6144.02,AXIS/2025/0324/4909,SETTLED
STL_20250324_147,TXN_20250323_0147,UTRN202503247ATWYAM1,2025-03-24,1899.22,AXIS/2025/0324/6038,SETTLED
STL_20250324_149,TXN_20250320_0149,UTRN202503247O3LQI7E,2025-03-24,1129.94,KOTAK/2025/0324/2785,SETTLED
STL_20250324_164,TXN_20250320_0164,UTRN20250324NQJQIJC1,2025-03-24,1752.65,HDFC/2025/0324/2404,SETTLED
STL_20250324_167,TXN_20250320_0167,UTRN20250324FUU8DD22,2025-03-24,1099.92,KOTAK/2025/0324/6633,SETTLED
STL_20250324_168,TXN_20250321_0168,UTRN20250324WYOO5YBR,2025-03-24,1295.52,SBI/2025/0324/7102,SETTLED
STL_20250324_185,TXN_20250320_0185,UTRN202503246RUPW2W5,2025-03-24,5247.09,ICICI/2025/0324/8914,SETTLED
STL_20250324_194,TXN_20250321_0194,UTRN20250324YFC2HTMQ,2025-03-24,2150.21,KOTAK/2025/0324/4675,SETTLED
STL_20250324_202,TXN_20250322_0202,UTRN202503248FY620N8,2025-03-24,1614.13,KOTAK/2025/0324/3316,SETTLED
STL_20250324_208,TXN_20250322_0208,UTRN20250324HRCNBH6N,2025-03-24,1127.15,AXIS/2025/0324/8448,SETTLED
STL_20250324_216,TXN_20250321_0216,UTRN20250324UR9U1OE5,2025-03-24,1213.84,HDFC/2025/0324/4764,SETTLED
STL_20250324_221,TXN_20250322_0221,UTRN20250324RJN2HZ2O,2025-03-24,7967.18,SBI/2025/0324/9462,SETTLED
STL_20250324_229,TXN_20250321_0229,UTRN20250324ZVO5270S,2025-03-24,8583.74,AXIS/2025/0324/7782,SETTLED
STL_20250324_252,TXN_20250322_0252,UTRN20250324IWF3KM2K,2025-03-24,1606.61,AXIS/2025/0324/1372,SETTLED
STL_20250324_267,TXN_20250323_0267,UTRN20250324KEZJSSZW,2025-03-24,2232.76,HDFC/2025/0324/9666,SETTLED
STL_20250324_274,TXN_20250323_0274,UTRN20250324GJLPEFJA,2025-03-24,7937.58,KOTAK/2025/0324/9422,SETTLED
STL_20250324_276,TXN_20250320_0276,UTRN202503243ZYT91QE,2025-03-24,1183.82,AXIS/2025/0324/2593,SETTLED
STL_20250324_284,TXN_20250320_0284,UTRN20250324OTN9UZER,2025-03-24,402.56,HDFC/2025/0324/3327,SETTLED
STL_20250324_294,TXN_20250322_0294,UTRN202503247XJZ6US7,2025-03-24,2522.39,AXIS/2025/0324/8833,SETTLED
STL_20250324_295,TXN_20250322_0295,UTRN20250324MKB9XN4M,2025-03-24,1434.48,AXIS/2025/0324/5750,SETTLED
STL_20250325_027,TXN_20250324_0027,UTRN20250325JRNY2047,2025-03-25,718.56,KOTAK/2025/0325/9751,SETTLED
STL_20250325_085,TXN_20250323_0085,UTRN20250325S53SKF7I,2025-03-25,1033.86,KOTAK/2025/0325/5653,SETTLED
STL_20250325_121,TXN_20250323_0121,UTRN20250325P3XVKVZR,2025-03-25,628.88,ICICI/2025/0325/7524,SETTLED
STL_20250325_191,TXN_20250323_0191,UTRN20250325726YG3DX,2025-03-25,11735.88,KOTAK/2025/0325/6273,SETTLED
STL_20250325_211,TXN_20250324_0211,UTRN20250325ES6FF7SO,2025-03-25,6567.58,KOTAK/2025/0325/1305,SETTLED
STL_20250325_217,TXN_20250323_0217,UTRN202503258ADF7PCH,2025-03-25,11232.69,HDFC/2025/0325/1618,SETTLED
STL_20250325_226,TXN_20250323_0226,UTRN202503254H20RAPE,2025-03-25,298.51,KOTAK/2025/0325/9748,SETTLED
STL_20250325_245,TXN_20250323_0245,UTRN2025032576T94OW3,2025-03-25,2765.96,SBI/2025/0325/4943,SETTLED
STL_20250325_277,TXN_20250323_0277,UTRN20250325G7L4LRCE,2025-03-25,1275.79,AXIS/2025/0325/8556,SETTLED
STL_20250325_286,TXN_20250324_0286,UTRN20250325B700UCRG,2025-03-25,1773.93,HDFC/2025/0325/5780,SETTLED
STL_20250326_032,TXN_20250324_0032,UTRN20250326IQVNB4GH,2025-03-26,1621.00,SBI/2025/0326/6576,SETTLED
STL_20250326_083,TXN_20250325_0083,UTRN20250326TKKFZZGN,2025-03-26,307.25,ICICI/2025/0326/2988,SETTLED
STL_20250326_090,TXN_20250325_0090,UTRN20250326501NOUHT,2025-03-26,1653.59,HDFC/2025/0326/7329,SETTLED
STL_20250326_092,TXN_20250324_0092,UTRN20250326VSSRURAL,2025-03-26,332.39,HDFC/2025/0326/7824,SETTLED
STL_20250326_099,TXN_20250325_0099,UTRN2025032602U1G463,2025-03-26,415.93,KOTAK/2025/0326/6372,SETTLED
STL_20250326_130,TXN_20250325_0130,UTRN20250326HNUXORZP,2025-03-26,405.05,ICICI/2025/0326/2354,SETTLED
STL_20250326_138,TXN_20250324_0138,UTRN2025032611E9FTAX,2025-03-26,778.18,AXIS/2025/0326/6753,SETTLED
STL_20250326_186,TXN_20250325_0186,UTRN20250326P0RXXF36,2025-03-26,831.89,KOTAK/2025/0326/1894,SETTLED
STL_20250326_192,TXN_20250325_0192,UTRN20250326EV5S4TL0,2025-03-26,6709.77,KOTAK/2025/0326/4560,SETTLED
STL_20250326_299,TXN_20250325_0299,UTRN202503269UE421VM,2025-03-26,1220.97,HDFC/2025/0326/5487,SETTLED
STL_20250327_009,TXN_20250326_0009,UTRN20250327AZCCBLSK,2025-03-27,520.83,AXIS/2025/0327/4510,SETTLED
STL_20250327_091,TXN_20250325_0091,UTRN202503272M71HSSB,2025-03-27,1095.74,ICICI/2025/0327/6456,SETTLED
STL_20250327_135,TXN_20250325_0135,UTRN20250327HPHJ3MUU,2025-03-27,53.52,AXIS/2025/0327/6631,SETTLED
STL_20250327_145,TXN_20250326_0145,UTRN2025032774T60PLO,2025-03-27,1683.74,SBI/2025/0327/5444,SETTLED
STL_20250327_170,TXN_20250326_0170,UTRN20250327G5HCBBMH,2025-03-27,5977.68,SBI/2025/0327/8605,SETTLED
STL_20250327_171,TXN_20250325_0171,UTRN20250327VMF60YKN,2025-03-27,1806.33,ICICI/2025/0327/4511,SETTLED
STL_20250327_182,TXN_20250326_0182,UTRN20250327MOFT6YRI,2025-03-27,2843.38,HDFC/2025/0327/2458,SETTLED
STL_20250327_224,TXN_20250325_0224,UTRN20250327RTSOYG9Z,2025-03-27,1503.95,AXIS/2025/0327/6171,SETTLED
STL_20250327_264,TXN_20250326_0264,UTRN202503276UXF5GZP,2025-03-27,9570.21,SBI/2025/0327/8311,SETTLED
STL_20250328_004,TXN_20250327_0004,UTRN2025032832OC6UZH,2025-03-28,4916.80,AXIS/2025/0328/7482,SETTLED
STL_20250328_010,TXN_20250327_0010,UTRN20250328DXMO5BXX,2025-03-28,1830.02,HDFC/2025/0328/7596,SETTLED
STL_20250328_020,TXN_20250326_0020,UTRN20250328BVM2P9E6,2025-03-28,1916.91,ICICI/2025/0328/5173,SETTLED
STL_20250328_062,TXN_20250327_0062,UTRN202503285F1BCPPV,2025-03-28,848.17,AXIS/2025/0328/5475,SETTLED
STL_20250328_080,TXN_20250326_0080,UTRN20250328LCXLVPYM,2025-03-28,206.11,HDFC/2025/0328/6776,SETTLED
STL_20250328_109,TXN_20250327_0109,UTRN20250328R5L8A78E,2025-03-28,4049.81,AXIS/2025/0328/4974,SETTLED
STL_20250328_161,TXN_20250327_0161,UTRN20250328KL8CGN0T,2025-03-28,1626.85,HDFC/2025/0328/6536,SETTLED
STL_20250328_222,TXN_20250327_0222,UTRN20250328RM6J8Y6R,2025-03-28,1633.28,ICICI/2025/0328/4847,SETTLED
STL_20250328_285,TXN_20250326_0285,UTRN20250328WXYYTUW6,2025-03-28,21171.33,KOTAK/2025/0328/1176,SETTLED
STL_20250331_003,TXN_20250329_0003,UTRN20250331KWNNHJ7X,2025-03-31,181.25,KOTAK/2025/0331/3803,SETTLED
STL_20250331_031,TXN_20250328_0031,UTRN20250331PN6QFGSX,2025-03-31,5298.94,KOTAK/2025/0331/9817,SETTLED
STL_20250331_034,TXN_20250329_0034,UTRN20250331LIZL08YG,2025-03-31,1102.61,AXIS/2025/0331/5530,SETTLED
STL_20250331_035,TXN_20250329_0035,UTRN20250331ATJ9TZE5,2025-03-31,4163.36,AXIS/2025/0331/2680,SETTLED
STL_20250331_037,TXN_20250330_0037,UTRN20250331V08HHXFG,2025-03-31,1226.28,HDFC/2025/0331/3564,SETTLED
STL_20250331_043,TXN_20250328_0043,UTRN202503317KZORQQF,2025-03-31,825.63,ICICI/2025/0331/9327,SETTLED
STL_20250331_067,TXN_20250328_0067,UTRN202503312VMCQBNK,2025-03-31,14497.71,HDFC/2025/0331/9307,SETTLED
STL_20250331_079,TXN_20250327_0079,UTRN20250331EN606N9R,2025-03-31,118.54,AXIS/2025/0331/7018,SETTLED
STL_20250331_093,TXN_20250329_0093,UTRN20250331GWW4FYB8,2025-03-31,1760.06,HDFC/2025/0331/4125,SETTLED
STL_20250331_102,TXN_20250330_0102,UTRN20250331UFLSEHUD,2025-03-31,5442.43,KOTAK/2025/0331/8298,SETTLED
STL_20250331_120,TXN_20250329_0120,UTRN20250331GJK2N7ZR,2025-03-31,1353.65,KOTAK/2025/0331/4203,SETTLED
STL_20250331_131,TXN_20250328_0131,UTRN20250331U1RSUJT9,2025-03-31,1497.86,KOTAK/2025/0331/1681,SETTLED
STL_20250331_153,TXN_20250329_0153,UTRN20250331JQFWWXR5,2025-03-31,1428.13,AXIS/2025/0331/1999,SETTLED
STL_20250331_162,TXN_20250330_0162,UTRN20250331DHGZZ0JK,2025-03-31,20082.18,ICICI/2025/0331/2571,SETTLED
STL_20250331_177,TXN_20250327_0177,UTRN20250331F5GCL9LC,2025-03-31,151.75,AXIS/2025/0331/5481,SETTLED
STL_20250331_195,TXN_20250328_0195,UTRN2025033189LTAJW2,2025-03-31,1021.60,AXIS/2025/0331/4695,SETTLED
STL_20250331_204,TXN_20250327_0204,UTRN202503318MYIKCGR,2025-03-31,1095.37,SBI/2025/0331/6008,SETTLED
STL_20250331_205,TXN_20250329_0205,UTRN20250331ZXJMYLRQ,2025-03-31,1128.11,SBI/2025/0331/8978,SETTLED
STL_20250331_206,TXN_20250328_0206,UTRN20250331064W3U1H,2025-03-31,1277.94,HDFC/2025/0331/5269,SETTLED
STL_20250331_207,TXN_20250327_0207,UTRN20250331SDNAI89Y,2025-03-31,7060.61,KOTAK/2025/0331/3299,SETTLED
STL_20250331_232,TXN_20250327_0232,UTRN20250331T2PNJKA3,2025-03-31,1186.60,ICICI/2025/0331/6634,SETTLED
STL_20250331_246,TXN_20250328_0246,UTRN20250331ABKAE6A9,2025-03-31,762.93,ICICI/2025/0331/6159,SETTLED
STL_20250331_279,TXN_20250330_0279,UTRN202503310Z4EVLDQ,2025-03-31,1915.11,SBI/2025/0331/7648,SETTLED
STL_20250331_282,TXN_20250328_0282,UTRN20250331NTXRGN74,2025-03-31,8680.18,ICICI/2025/0331/5726,SETTLED
STL_20250331_290,TXN_20250327_0290,UTRN20250331XO100VHM,2025-03-31,16087.93,ICICI/2025/0331/6132,SETTLED
STL_20250331_291,TXN_20250327_0291,UTRN20250331HKGAD7X4,2025-03-31,64.96,KOTAK/2025/0331/2995,SETTLED
STL_20250331_297,TXN_20250327_0297,UTRN202503312BE3YQY5,2025-03-31,9490.25,ICICI/2025/0331/4817,SETTLED
STL_20250331_307,TXN_20250329_0307,UTRN20250331PO3ZDRC1,2025-03-31,2929.18,AXIS/2025/0331/4571,SETTLED
STL_20250401_030,TXN_20250330_0030,UTRN20250401OZCYWD14,2025-04-01,2847.43,KOTAK/2025/0401/2983,SETTLED
STL_20250401_058,TXN_20250331_0058,UTRN202504014X1ZHQIM,2025-04-01,4492.88,AXIS/2025/0401/7532,SETTLED
STL_20250401_072,TXN_20250330_0072,UTRN20250401NZ8V12II,2025-04-01,357.73,AXIS/2025/0401/4178,SETTLED
STL_20250401_081,TXN_20250331_0081,UTRN202504014YPEIXN8,2025-04-01,9608.00,HDFC/2025/0401/3513,SETTLED
STL_20250401_110,TXN_20250330_0110,UTRN20250401M5Q201LH,2025-04-01,3822.27,SBI/2025/0401/7781,SETTLED
STL_20250401_200,TXN_20250331_0200,UTRN20250401QLDB2UUI,2025-04-01,15976.97,SBI/2025/0401/7678,SETTLED
STL_20250401_242,TXN_20250331_0242,UTRN20250401GBDGBXNR,2025-04-01,829.08,KOTAK/2025/0401/5193,SETTLED
STL_20250401_269,TXN_20250331_0269,UTRN20250401AHK2LSLA,2025-04-01,3572.31,SBI/2025/0401/6592,SETTLED
STL_20250401_301,TXN_20250330_0301,UTRN20250401WD3KPUG9,2025-04-01,5171.26,HDFC/2025/0401/6929,SETTLED
STL_20250402_054,TXN_20250331_0054,UTRN20250402DYT9MOGE,2025-04-02,1860.50,AXIS/2025/0402/2501,SETTLED
STL_20250402_239,TXN_20250331_0239,UTRN202504029212PGYM,2025-04-02,725.71,ICICI/2025/0402/5107,SETTLED
STL_20250402_281,TXN_20250331_0281,UTRN202504029UWS44C6,2025-04-02,421.37,HDFC/2025/0402/1013,SETTLED
STL_20250402_287,TXN_20250331_0287,UTRN20250402JJ0V60XN,2025-04-02,971.79,ICICI/2025/0402/5280,SETTLED
STL_20250402_302,TXN_20250330_0302,UTRN20250402YBXKPM21,2025-04-02,2367.33,HDFC/2025/0402/2710,SETTLED
STL_20250403_303,TXN_20250331_0303,UTRN20250403VLHYL2LD,2025-04-03,1544.39,AXIS/2025/0403/4276,SETTLED
